{
  "urls": [
    "ch0.ogg",
    "ch0.m4a"
  ],
  "sprite": {
    "silence": [
      0,
      1000,
      true
    ],
    "MusicLoop1": [
      1050,
      22994.01360544218
    ],
    "MusicLoop2": [
      24100,
      28742.517006802722
    ],
    "MusicLoop3": [
      53150,
      5747.006802721088
    ],
    "MusicLoopTermLose": [
      59199.99999999999,
      1839.070294784584
    ],
    "MusicLoopTermWin": [
      61250,
      3913.3106575963693
    ]
  }
}