{
  "urls": [
    "ch1.ogg",
    "ch1.m4a"
  ],
  "sprite": {
    "silence": [
      0,
      1000,
      true
    ],
    "BonusTransitionAmulet": [
      1050,
      2842.2902494331065
    ],
    "BonusTransitionRune": [
      4100,
      2399.52380952381
    ],
    "BonusTriggeredAmulet": [
      7150,
      2502.108843537416
    ],
    "ButtonBetDn": [
      10200.000000000002,
      1087.5510204081636
    ],
    "ButtonBetMax": [
      12250.000000000002,
      1933.7641723356019
    ],
    "ButtonBetUp": [
      14300.000000000002,
      1029.7959183673465
    ],
    "ButtonBuy": [
      16350.000000000002,
      2377.8004535147375
    ],
    "HelpPageClose": [
      19400,
      954.6258503401361
    ],
    "HelpPageOpen": [
      20450,
      1101.4285714285706
    ]
  }
}