{
  "urls": [
    "ch10.ogg",
    "ch10.m4a"
  ],
  "sprite": {
    "silence": [
      0,
      1000,
      true
    ],
    "SymbolReveal": [
      1050,
      1018.9795918367348
    ],
    "SymbolRevealQuick1": [
      3100.0000000000005,
      502.7437641723358
    ],
    "SymbolWinning": [
      4150,
      2035.9863945578231
    ],
    "SymbolWinningQuick": [
      7200,
      879.1609977324262
    ]
  }
}